,,,,,,
SL No,Date,Work Summary,Hours Worked,Reference Link,Learning /Outcomes,Skils Used
1,02/02/2026,"In earlier days, data was stored using manual methods such as paper files, registers, and ledgers. These approaches were time-consuming, error-prone, and difficult to search, update, and secure. Later, data storage evolved into flat files like text files and spreadsheets, which improved accessibility but still suffered from major limitations such as data redundancy, lack of data integrity, poor security, and difficulty in handling large volumes of data. To overcome these challenges, database systems were introduced, leading to the development of SQL (Structured Query Language) as a standard language for managing structured A.

SQL enables data to be stored systematically in relational databases using tables composed of rows and columns. It allows users and applications to perform operations such as inserting, retrieving, updating, and deleting data efficiently while maintaining data consistency and security. SQL plays a critical role in backend application development, where it is used for data validation, reporting, and transaction management.

SQL is often confused with database software, but they are not the same. SQL is a language, whereas MySQL is a Database Management System (DBMS) that uses SQL to store and manage data. SQL defines how to interact with data, while MySQL provides the platform that physically stores the data and executes SQL commands. MySQL is widely used in web applications due to its open-source nature, performance, and scalability.

Related SQL topics include database design, tables and relationships, keys and constraints, joins, normalization, indexing, transactions, and database roles such as Database Administrator, Developer, and End User. Due to its reliability and widespread industry adoption, SQL remains a fundamental skill for backend development and data management in the IT market.A",8 Hours,,"Learners will be able to understand the evolution of data storage, differentiate SQL from MySQL, and apply SQL concepts for effective backend data management in relational database systems.",SQL
2,03/02/2026,"SQL (Structured Query Language) is a standard query language used to interact with relational databases, whereas MySQL is a database management software that uses SQL to store, manage, and retrieve data. In simple terms, SQL is the language used to write queries, while MySQL is the tool that executes those queries and stores data physically. SQL defines rules and syntax for database operations such as SELECT, INSERT, UPDATE, and DELETE, and it is common across many databases. MySQL, on the other hand, is a specific implementation of a relational database system, known for its high performance, reliability, and open-source nature, and is widely used in web and enterprise applications.

MySQL software is extensively used in backend development to handle structured data securely and efficiently. It is commonly used in login systems, e-commerce platforms, content management systems, banking applications, and student management systems. For example, during a login process, MySQL validates user credentials by executing SQL queries to check whether the entered username and password match the records stored in the database. This makes MySQL a critical component in backend validation, data storage, and transaction processing.

MySQL supports different database roles to ensure security and controlled access. The Database Administrator (DBA) is responsible for database installation, configuration, performance tuning, and user management. Developers design database schemas and write SQL queries, procedures, and functions. Application Users access the database indirectly through applications with limited privileges, while Read-only Users are allowed only to view data without making changes. Due to its scalability, security features, and wide industry adoption, MySQL continues to be one of the most popular database software solutions used in the IT market today.",8 Hours,,"Learners will be able to differentiate SQL and MySQL, understand MySQL’s role in backend data validation, and identify key database roles used in real-world applications.",SQL
3,04/02/2026,"Data refers to raw facts, figures, or values that by themselves do not convey meaningful information. In technical terms, data represents unprocessed inputs such as numbers, text, symbols, images, or audio that describe attributes or properties of an entity. The basic prerequisites of data include accuracy, completeness, consistency, relevance, and timeliness, as these qualities ensure reliable processing and decision-making. Data is important because it forms the foundation of all computer systems, applications, analytics, and business decisions. Without data, software systems cannot function effectively or provide useful outcomes.

Data can be classified into different types. Structured data is organized in a fixed format, such as tables in databases (e.g., student records with roll number and marks). Unstructured data has no predefined structure, such as emails, images, videos, and social media content. Semi-structured data lies between the two, such as JSON or XML files. Data can also be categorized as qualitative data (descriptive, non-numeric, e.g., names) and quantitative data (numeric, e.g., age or salary).

A database is an organized collection of related data stored electronically in a structured manner, allowing efficient storage, retrieval, and management. Types of databases include relational databases (tables with rows and columns), hierarchical databases, network databases, object-oriented databases, and NoSQL databases used for large-scale and unstructured data.

Information is processed and organized data that has meaning and value to users. When raw data is analyzed, summarized, or interpreted, it becomes information that supports understanding, decision-making, and problem-solving in real-world applications.",8 Hours,,"Learners will be able to understand the concept of data, its types and prerequisites, differentiate data from information, and explain the role of databases in managing and transforming data into meaningful information.",SQL
4,05/02/2026,"Raw facts are unprocessed, basic data values collected directly from a source without any analysis or interpretation. Examples of raw facts include numbers, names, dates, or sensor readings such as “101”, “Karthik”, or “75”. By themselves, raw facts do not convey meaningful information; they become useful only after processing. In computing, raw facts form the foundation of data, which is later organized and analyzed to generate meaningful information.

DBMS (Database Management System) is software used to store, manage, retrieve, and manipulate data efficiently in a structured manner. It acts as an interface between users/applications and the database, ensuring data consistency, security, and controlled access. A DBMS stores data electronically on secondary storage devices such as hard disks or solid-state drives, usually in the form of tables, files, or objects depending on the database model. Internally, data is organized using indexes, schemas, and storage structures to allow faster access and reliable management.

Despite its advantages, DBMS has certain drawbacks. It involves high initial cost due to software licensing, hardware requirements, and skilled personnel. DBMS systems are complex to design, maintain, and administer. Performance may degrade for simple applications due to overhead, and system failures can impact multiple users at once. Security risks also exist if proper controls are not implemented.

Types of DBMS include hierarchical DBMS, where data is stored in a tree structure; network DBMS, which supports many-to-many relationships; relational DBMS, which stores data in tables with rows and columns; object-oriented DBMS, which stores data as objects; and NoSQL DBMS, designed for handling large volumes of unstructured or semi-structured data.",8 Hours,,"Learners will be able to understand raw facts, explain the role, storage, advantages and drawbacks of DBMS, and identify different types of DBMS used for data management.",SQL
5,06/02/2026,"RDBMS (Relational Database Management System) is a type of DBMS in which data is stored in the form of tables consisting of rows and columns, and relationships are established between tables using keys. Each table represents an entity, rows represent records, and columns represent attributes. The relational model ensures data accuracy, consistency, and integrity through constraints such as primary keys, foreign keys, unique keys, and not-null constraints.

An RDBMS stores data physically on secondary storage devices like hard disks or SSDs. Logically, data is organized into tables, and internally the system uses indexes to speed up data retrieval and schemas to define the database structure. Relationships between tables allow data to be normalized, reducing redundancy and improving data consistency. For example, a Student table and a Course table can be linked using a foreign key, enabling efficient data management across applications.

The advantages of RDBMS include reduced data redundancy, improved data integrity, better security through role-based access, support for multi-user access, easy data retrieval using queries, and reliable transaction management using ACID properties. Due to these benefits, RDBMS is widely used in banking, education systems, enterprise applications, and web-based systems.

SQL (Structured Query Language) is the standard language used to interact with RDBMS. SQL was developed in the early 1970s at IBM by Donald D. Chamberlin and Raymond F. Boyce, originally named SEQUEL. The theoretical foundation of relational databases was proposed by Edgar F. Codd in 1970. Today, SQL-based RDBMS systems form the backbone of modern data-driven applications across the IT industry.",8 Hours,,"Learners will be able to understand the RDBMS concept, its storage and advantages, and explain the role and history of SQL in managing relational databases.",SQL
6,07/02/2026,"Data refers to raw facts and figures that do not have meaning on their own, such as numbers, names, or symbols. When data is processed and organized, it becomes meaningful information. A database is a structured collection of related data stored electronically, allowing efficient storage, retrieval, and management of information.

A Database Management System (DBMS) is software that acts as an interface between users and the database. It helps in creating, storing, updating, and managing data securely. Based on structure and usage, there are different types of DBMS, including Hierarchical DBMS, Network DBMS, Relational DBMS (RDBMS), and Object-Oriented DBMS. Among these, RDBMS is the most widely used due to its tabular structure and strong data integrity features.

An RDBMS stores data in the form of tables with rows and columns and supports relationships between tables using keys. It follows the relational model proposed by E. F. Codd and ensures data consistency through constraints. Popular RDBMS software includes MySQL and Oracle.

SQL (Structured Query Language) is a standard language used to interact with relational databases. The history of SQL began in the 1970s at IBM, where it was initially called SEQUEL. Later, SQL was standardized by ANSI and ISO, making it the universal language for database operations. SQL is used for data definition, manipulation, retrieval, and access control, making it a core skill tested in technical aptitude rounds.",8 Hours,,"Learners will understand the fundamentals of data, databases, DBMS and RDBMS, the types of DBMS, and the history and importance of SQL for technical aptitude and interview preparation.", SQL
7,09/02/2026,"The Relational Model, proposed by E. F. Codd in 1970, is the foundation of modern database systems. It represents data in the form of tables (relations), making data storage simple, structured, and easy to access. Most popular databases such as MySQL and Oracle are based on this model.

In the relational model, a table consists of rows and columns. Each row, also called a tuple, represents a single record, while each column, known as an attribute, represents a property of the entity. The intersection of a row and a column is called a cell, which must always contain an atomic (single) value. A table should have a primary key to uniquely identify each row, ensuring data integrity and avoiding duplication.

E. F. Codd defined 12 rules (along with Rule 0) to identify a true Relational Database Management System (RDBMS). Some important rules include the Information Rule, which states that all data must be stored in tables; the Guaranteed Access Rule, which ensures data can be accessed using table name, primary key, and column name; and Logical and Physical Data Independence, which allow changes in structure or storage without affecting applications.

Data Types (DT) play a crucial role in the relational model. They define the type of data that can be stored in a column, the amount of memory used, and the operations allowed on the data. Common types of data types include Numeric data types (INT, DECIMAL, FLOAT), Character data types (CHAR, VARCHAR, TEXT), Date and Time data types (DATE, TIME, TIMESTAMP), Boolean data type, and Special data types such as ENUM, BLOB, and JSON. Data types help maintain accuracy, consistency, and reliability of data in a database.",8 Hours,,"By the end of this topic, learners will understand the Relational Model proposed by E. F. Codd, including table structure (rows, columns, cells), Codd’s rules, and the role and types of data types in ensuring data integrity and reliability in modern RDBMS.",SQL
8,10/02/2026,"In the relational model, Data Types further ensure proper storage and validation of data. Character Data Types are used to store textual information. CHAR stores fixed-length strings and is suitable for values with constant size, while VARCHAR stores variable-length strings and optimizes storage. TEXT is used for large textual data. These data types are commonly used for names, addresses, and descriptions.

Date and Time Data Types handle temporal data. DATE stores only date values, TIME stores time values, DATETIME stores both date and time, and TIMESTAMP stores date and time with automatic system updates. These data types are essential for tracking transactions, logs, and system activities.
Special Data Types include ENUM, which allows predefined values; BLOB, used for storing binary data such as images and files; and JSON, used for semi-structured data storage, especially in modern applications.

Constraints are rules applied to table columns to enforce data integrity and consistency. The PRIMARY KEY uniquely identifies each record and does not allow NULL values. FOREIGN KEY establishes a relationship between tables and maintains referential integrity. UNIQUE ensures all values in a column are distinct. NOT NULL prevents missing values, CHECK enforces conditional rules, and DEFAULT assigns a predefined value when no input is provided. These constraints protect the database from invalid and inconsistent data.

The installation of MySQL involves downloading the installer from the official website, configuring server settings, setting the root password, and installing MySQL Workbench for database management. Once installed, MySQL provides a reliable environment to create databases, tables, constraints, and queries using SQL.",8 Hours,,"Learners will be able to explain character, date/time, and special data types, apply constraints for data integrity, and understand the installation and setup of MySQL in a relational database environment.",SQL
9,11/02/2026,"Today’s soft skills session focused on Resume Building, aimed at helping students understand the importance of a professional resume and how it plays a critical role in securing interviews. The session began with an introduction to what a resume is and why recruiters spend only a few seconds scanning it. Students were guided to understand the difference between a resume, CV, and biodata, and when each is used in the professional world.

The session covered the essential components of a resume, including personal details, career objective, academic qualifications, technical skills, soft skills, projects, internships, certifications, achievements, and hobbies. Special emphasis was given to writing a clear and targeted career objective aligned with job roles. Students learned how to present their technical skills effectively and how to highlight projects and internships with action-oriented descriptions.

Common resume mistakes such as spelling errors, unnecessary personal details, long paragraphs, poor formatting, and false information were discussed in detail. The importance of choosing the right resume format (chronological, functional, or combination) was explained with examples. Guidance was also provided on tailoring resumes based on job descriptions and using keywords to match recruiter expectations and ATS systems.

The session concluded with tips on resume formatting, font selection, length optimization, and the importance of honesty and clarity. Students actively participated by reviewing sample resumes and understanding best practices to improve their own resumes for placement and interview readiness.",8 Hours,,"Students gained the ability to create a clear, professional, and job-oriented resume by understanding proper structure, formatting, content selection, and common mistakes, enabling them to confidently apply for placements and interviews.",SQL
10,12/02/2026,"This session focused on building a strong foundation in SQL data handling and database integrity concepts. We began with String and Character Data Types, explaining CHAR, VARCHAR, and TEXT, their storage behavior, size limits, and use cases with syntax and examples to help learners choose the right type based on fixed or variable-length data. Next, we explored Date and Time Data Types such as DATE, TIME, DATETIME, TIMESTAMP, and YEAR, including their formats, default values, and real-time usage with built-in functions like NOW() and CURDATE().

The session then covered Constraints in SQL, emphasizing their role in enforcing data integrity and consistency. All constraint types were discussed in detail: NOT NULL, UNIQUE, PRIMARY KEY, FOREIGN KEY, CHECK, and DEFAULT. Each constraint was explained with syntax and practical examples, including column-level and table-level definitions, and real-world scenarios such as maintaining referential integrity between tables.

An overview of SQL statements was provided, categorizing them into DDL (CREATE, ALTER, DROP, TRUNCATE), DML (INSERT, UPDATE, DELETE), DQL (SELECT), DCL (GRANT, REVOKE), and TCL (COMMIT, ROLLBACK, SAVEPOINT), highlighting their purpose and usage. Finally, hands-on queries were demonstrated, including creating a table using proper data types and constraints, and inserting records using the INSERT statement, enabling learners to understand end-to-end table creation and data insertion workflows in a real database environment.",8 Hours,,"Learners will be able to design SQL tables using appropriate data types, apply constraints for data integrity, and execute basic SQL statements to create tables and insert records confidently.",SQL
11,13/02/2026,"In this session, students were introduced to the fundamental concepts of SQL focusing on table creation, data insertion, querying data using DQL, and understanding projection. The session began with an explanation of the CREATE TABLE query, which is a part of Data Definition Language (DDL). Students learned how to define a table structure by specifying column names, data types, and constraints. For example, a basic employee table was created using the CREATE TABLE command, and its successful execution was verified using DESCRIBE and SHOW TABLES commands.

Next, the INSERT INTO statement was explained to add records into a table. Both single-row and multi-row insert operations were demonstrated. After executing INSERT queries, students used SELECT statements to verify that the data was successfully stored in the table. This helped them understand the relationship between data insertion and retrieval.

The concept of AUTO_INCREMENT was then explained in detail. AUTO_INCREMENT is used to automatically generate unique values for a column, commonly applied to primary keys. Through practical queries, students learned how MySQL automatically increments the value when a new record is inserted and how this reduces manual errors and ensures data uniqueness.

The session then moved to Data Query Language (DQL), which is used to retrieve data from database tables. An overview of DQL was provided, highlighting that SELECT is the primary and most important DQL command. Students explored different SELECT query variations to fetch complete data as well as specific columns from tables.

Special emphasis was given to Projection, a key concept from relational algebra. Projection was explained as the process of selecting specific columns only from a table. Using syntax such as SELECT column_name FROM table_name;, students learned how projection differs from selection (which filters rows using WHERE). Multiple examples were practiced to strengthen conceptual clarity.

Overall, the session provided a strong foundation in SQL basics, enabling students to confidently create tables, insert records, understand automatic key generation, retrieve data using DQL, and correctly apply projection in real-time database queries.",8 Hours,,"Students gained hands-on understanding of SQL table creation, data insertion, AUTO_INCREMENT, DQL operations, and projection for effective data retrieval.",SQL
12,14/02/2026,"Today, a face-to-face technical interview session was conducted focusing on core SQL fundamentals that are essential for database-driven application development and placement readiness. The interview began with questions on table creation, where candidates explained the CREATE TABLE statement, proper column definitions, data types, and the importance of constraints. Special emphasis was given to the PRIMARY KEY and the use of AUTO_INCREMENT, helping candidates understand how unique identifiers are generated automatically to maintain data integrity and reduce manual errors.

The session continued with inserting records using the INSERT INTO statement. Candidates demonstrated different insertion methods, including inserting full records and selective column-based inserts, along with handling default and auto-incremented values. Practical scenarios were discussed to test clarity on syntax accuracy and real-time database usage.

An overview of SQL statements was covered in depth, where candidates classified SQL into DDL, DML, DQL, DCL, and TCL, explaining the purpose and real-world use cases of each category. This helped evaluate their conceptual understanding rather than rote learning.

The interview also assessed knowledge of Selection and Projection operations. Candidates explained how selection retrieves rows based on conditions using the WHERE clause, while projection retrieves specific columns using the SELECT clause. Real-time examples were discussed to validate understanding of data filtering and column extraction.

Overall, the session effectively evaluated both theoretical knowledge and practical SQL skills, improving candidates’ confidence in handling database interview questions and real-world scenarios.",8 Hours,,"Candidates gained a clear understanding of SQL table creation, record insertion, auto-increment usage, SQL statement classification, and effective data retrieval using selection and projection concepts.",SQL
13,16/02/2026,"During this session, students developed a strong understanding of Data Query Language (DQL) for effective data retrieval and manipulation. They practiced using the SELECT statement to extract relevant information from database tables and applied 
the WHERE clause to filter records based on specific conditions, ensuring precise and meaningful query results. The ORDER BY clause was utilized to sort retrieved data in ascending or descending order,
 improving data organization and reporting clarity. Additionally, arithmetic operators were implemented within queriesto perform calculations on numeric fields, enabling analytical processing and enhanced decision-making. 
Overall, the session strengthened students’ practicalskills in structured query execution and database management.",8 Hours,,"Students gained practical proficiency in executing structured SQL queries for accurate data retrieval, filtering, sorting, and analysis.",SQL
14,17/02/2026,"In this session, we explored important SQL concepts that help in writing efficient and meaningful database queries. We began with queries using DISTINCT, which are used to eliminate duplicate values from query results. DISTINCT is mainly applied in the SELECT clause to retrieve unique records from one or more columns, helping reduce redundancy and improve data clarity, especially while analyzing large datasets.

Next, we discussed queries on expressions, where calculations or logical expressions are used directly inside SELECT statements. These include arithmetic expressions (such as salary * 12), string expressions, and conditional expressions. Expression-based queries allow dynamic data processing without modifying the original table structure and are widely used in reports and real-time data analysis.

The session also covered creating tables in Oracle, focusing on the CREATE TABLE statement. Students learned how to define columns, choose appropriate data types, and apply constraints such as PRIMARY KEY, UNIQUE, NOT NULL, and FOREIGN KEY. Understanding Oracle table creation helps in designing structured and normalized databases that maintain data integrity and consistency.

Finally, we studied an overview of operators in MySQL, which play a crucial role in query conditions and expressions. This included arithmetic operators (+, -, *, /), comparison operators (=, !=, >, <), logical operators (AND, OR, NOT), relational operators, and special operators like BETWEEN, IN, LIKE, and IS NULL. Operators are essential for filtering data using the WHERE clause and for building complex query logic.

Overall, the session strengthened the students’ understanding of SQL querying techniques, table creation fundamentals, and operator usage across Oracle and MySQL databases.",8 Hours,,"Students will be able to write optimized SQL queries using DISTINCT and expressions, create structured Oracle tables, and apply MySQL operators effectively for data filtering and analysis.",SQL
15,18/02/2026,"Time management is the systematic process of planning, organizing, prioritizing, and controlling how time is spent on tasks and activities to achieve personal and professional goals efficiently. Effective time management begins with understanding the value of time and identifying time-wasting habits such as procrastination, poor planning, and unnecessary distractions. By setting clear short-term and long-term goals, individuals can align their daily activities with priorities and deadlines.

Planning plays a vital role in time management. Creating to-do lists, schedules, and timetables helps in breaking complex tasks into manageable parts and ensures timely completion of work. Prioritization techniques like the urgent-important matrix help focus on high-impact tasks first, reducing stress and last-minute pressure. Delegation and task automation further enhance productivity by optimizing workload distribution.

Time management also emphasizes discipline, consistency, and self-control. Allocating fixed time slots for work, study, breaks, and personal activities improves concentration and work-life balance. Regular monitoring and evaluation of time usage allow individuals to make necessary adjustments and improve efficiency continuously. In academic and professional environments, good time management leads to better performance, improved decision-making, reduced stress, and higher confidence. Overall, mastering time management is a critical life skill that enhances productivity, goal achievement, and personal growth.",8 Hours,,Understand the importance of effective time management in daily life,SQL
16,19/02/2026," In this session, we focused on understanding Alias, Selection Queries, and the role of Operators in SQL with hands-on query execution. The concept of Alias was introduced to improve query readability and output clarity. Both column alias and table alias were explained, showing how aliases help rename columns temporarily and simplify complex queries, especially when working with expressions and multiple tables. Practical examples demonstrated alias usage with and without the AS keyword.

Next, we explored Selection Queries, which are used to retrieve specific rows and columns from a table. The importance of the SELECT and FROM clauses was discussed, along with how selection queries filter data using conditions. Multiple examples were executed to show how selection queries behave with single conditions, multiple conditions, and expressions.

The session then moved to Operators, starting with their definition and purpose in SQL. Different types of operators were covered in detail, including Arithmetic operators, Relational (Comparison) operators, and Logical operators. Arithmetic operators were used to perform calculations on numeric columns, while relational operators were used to compare values and filter records.

Special emphasis was given to Logical Operators (AND, OR, NOT), explaining how they combine multiple conditions in selection queries. Real-time queries illustrated how logical operators affect result sets and how condition precedence works. Students practiced writing queries using logical operators to retrieve accurate and meaningful data from tables.

Overall, the session strengthened query-writing skills and built a strong foundation for writing efficient and readable SQL queries.",8 Hours,,Students learned to write clear and effective SQL selection queries using aliases and operators to filter and manipulate data accurately.,SQL
17,20/02/2026,"Structured Query Language (SQL) is a standard programming language used to manage and manipulate relational databases. It plays a vital role in storing, retrieving, updating, and deleting data efficiently. Within SQL, operators are essential components that allow users to perform logical and comparison-based operations on stored data. Among these, special operators are particularly important because they help filter records based on specific conditions. These operators are commonly used in database systems such as MySQL, Oracle Database, Microsoft SQL Server, and PostgreSQL. Special operators improve readability, simplify complex conditions, and enhance the efficiency of data retrieval.

One of the most widely used special operators is the IN operator. The IN operator is used to check whether a particular value matches any value within a specified list. Instead of writing multiple logical OR conditions, the IN operator allows the user to group multiple values together in a single condition. This improves clarity and reduces complexity in SQL statements. The operator is flexible because it can work with numbers, strings, and dates. It is also capable of being used with nested queries, making it suitable for advanced filtering tasks. The IN operator is particularly useful when selecting records that belong to a specific category or group. It enhances readability and makes database code easier to maintain.

Closely related to the IN operator is the NOT IN operator. While IN selects matching values from a list, NOT IN excludes those values. This operator is helpful when users want to retrieve records that do not fall within a particular group. It works with different data types and can also be used with subqueries. However, special attention must be given when NULL values are involved, because NULL can affect the outcome of the condition. The NOT IN operator is useful for filtering out unwanted categories, excluding discontinued items, or removing specific groups from results. It simplifies exclusion logic and helps maintain clean filtering criteria.

Another important special operator is BETWEEN. The BETWEEN operator is used to retrieve values that fall within a specified range. This range can apply to numbers, dates, or even text values. A key characteristic of the BETWEEN operator is that it includes both boundary values, meaning the start and end values are part of the result. This operator makes range conditions more readable compared to using multiple comparison operators. It is commonly applied in financial systems to filter salary ranges, in academic systems to filter marks within grade boundaries, and in business systems to retrieve records within a particular date period. The BETWEEN operator enhances clarity and reduces the chance of logical errors in range-based filtering.

The NOT BETWEEN operator functions as the opposite of BETWEEN. It is used to retrieve values that fall outside a specified range. Like BETWEEN, it works with numeric, date, and textual data types. However, it excludes the entire defined range, including the boundary values. This operator is useful for identifying outliers or records that do not meet certain criteria. For example, it can help detect unusually high or low values in a dataset. The NOT BETWEEN operator ensures clear exclusion of ranges and is often used in auditing, reporting, and analytical tasks where identifying deviations is necessary.

Handling NULL values in databases is another critical aspect of SQL operations. NULL represents missing, unknown, or undefined data. It is important to understand that NULL is not equal to zero or an empty string. To check for missing values, SQL provides the IS NULL operator. This operator identifies records where a specific column has no stored value. It plays a significant role in data cleaning, validation, and reporting processes. For instance, it helps administrators detect incomplete records or optional fields that were not filled. Proper use of IS NULL ensures data integrity and supports effective database management.

Complementing IS NULL is the IS NOT NULL operator. This operator is used to retrieve records where a value exists in a column. It filters out records with missing data and ensures that only complete entries are considered. This operator is particularly useful when generating reports, performing data analysis, or validating required information. By using IS NOT NULL, organizations can ensure that important fields such as contact details, identification numbers, or transaction records are properly stored. Together, IS NULL and IS NOT NULL form an essential part of database quality control.

Special operators are primarily used within conditional clauses to refine data retrieval. They play a key role in SELECT operations for fetching records, as well as in UPDATE and DELETE operations where specific conditions determine which records should be modified or removed. These operators support logical combinations and can work alongside other SQL keywords to create precise filtering conditions. Their ability to simplify complex comparisons makes them indispensable tools for database professionals.

In real-world applications, special operators are extensively used across industries. In banking systems, they help filter transactions within certain date ranges or exclude invalid accounts. In hospital management systems, they assist in retrieving patient records based on admission dates or identifying missing medical information. In educational institutions, they help classify students according to grade ranges or attendance records. E-commerce platforms use these operators to filter products by price range, exclude discontinued items, and identify incomplete customer details. The practical significance of special operators demonstrates their importance in daily database operations.

One of the main advantages of special operators is improved readability. Instead of writing long and complex logical statements, users can express conditions clearly and concisely. This reduces errors and enhances code maintainability. Another advantage is flexibility, as these operators support different data types and logical conditions. They also contribute to performance optimization when used correctly, especially in well-indexed databases. However, users must understand their behavior carefully, particularly when dealing with NULL values and range inclusivity.

There are common mistakes that users should avoid while working with special operators. For example, comparing a column directly to NULL using equality operators leads to incorrect results; instead, IS NULL must be used. Similarly, misunderstanding the inclusive nature of BETWEEN can cause logical errors. When using NOT IN, failing to consider NULL values in the dataset may produce unexpected outcomes. Awareness of these considerations ensures accurate and reliable database operations.

Overall, special operators such as IN, NOT IN, BETWEEN, NOT BETWEEN, IS NULL, and IS NOT NULL are fundamental components of SQL. They simplify filtering conditions, improve clarity, and enhance the effectiveness of database queries. Mastering these operators enables users to manage structured data efficiently and maintain high-quality database systems. Their widespread implementation in relational database platforms highlights their essential role in modern data management.",8 Hours,,"Learners will be able to understand and apply SQL special operators to filter, validate, and manage database records effectively in relational database systems.",SQL
18,21/02/2026,"In SQL, operators are fundamental building blocks used to perform operations on data stored in database tables. They allow users to compare values, perform calculations, apply logical conditions, and filter records based on business requirements. A strong understanding of operators is essential for writing efficient queries, generating accurate reports, and handling real-time data analysis tasks in relational database systems.

SQL operators are broadly classified into several types based on their functionality. Arithmetic operators are used to perform mathematical operations such as addition, subtraction, multiplication, division, and modulus on numeric columns. These operators are commonly used in scenarios like salary calculations, tax deductions, incentives, and financial reporting. They help convert raw data into meaningful numerical insights.

Relational or comparison operators are used to compare two values and return a boolean result, either true or false. These operators play a crucial role in filtering data, especially while retrieving records that satisfy specific conditions such as employees earning more than a certain salary or records belonging to a particular department. Relational operators form the backbone of conditional data retrieval in SQL.

Logical operators are used to combine multiple conditions in a single statement. Operators such as AND, OR, and NOT help in building complex decision-making logic. They are extensively used in real-time applications where multiple constraints must be satisfied simultaneously, such as selecting employees from a particular department with a specific salary range while excluding certain designations.

Apart from basic operators, SQL provides special operators that simplify complex conditions and improve query readability. Special operators include range checking, pattern matching, multi-value comparisons, and null value validations. These operators are widely used in real-world applications like search functionality, report generation, and validation of incomplete or missing data. They help reduce query complexity and improve performance.

Alias in SQL is used to assign a temporary name to a column or table for the duration of a query execution. Aliases improve readability, especially when dealing with lengthy column names, calculated values, or multiple tables. They are heavily used in reporting, dashboards, and analytical queries to present meaningful and user-friendly column headings without modifying the database structure.

An expression in SQL is a combination of columns, constants, operators, and functions that evaluates to a single value. Expressions are commonly used in business logic implementations such as calculating annual salaries, performance scores, and derived metrics. They allow SQL to go beyond simple data retrieval and support dynamic data transformation.

From an interview perspective, operators, alias, and expressions are considered core SQL concepts. Interviewers often test a candidate’s ability to understand logical conditions, handle null values, apply calculations, and optimize data filtering. Mastery of these topics demonstrates strong problem-solving skills and a clear understanding of how SQL works internally.",8 Hours,,"Understood SQL operators and their classifications

Learned how special operators simplify data filtering

Recognized the role of alias in readability and reporting

Understood how expressions support business logic

Gained confidence in explaining SQL operator concepts in interviews",SQL
19,23/02/2026,"In SQL, functions are predefined blocks of logic used to perform a specific operation on data and return a result. They help in transforming data, performing calculations, and formatting output without changing the original data stored in the database. Functions are widely used in real-time applications such as report generation, data validation, and analytical processing, making them a core concept in SQL.

Every function consists of three main components. The function name identifies the operation to be performed, the number of arguments represents the input values required by the function, and the return type specifies the output produced after execution. Understanding these components helps learners correctly apply functions based on data type and business requirement.

SQL functions are mainly classified into single row functions and multi row functions. Single row functions operate on each row individually and return one result per row, making them suitable for data manipulation, formatting, and conversions. Multi row functions, also known as aggregate functions, operate on a group of rows and return a single result, commonly used in reporting, summarization, and statistical analysis.

After introducing functions, pattern matching concepts are explained using the LIKE and NOT LIKE operators. The LIKE operator is used to search for specific patterns within character data and is highly useful in scenarios such as searching names, filtering records based on prefixes or suffixes, and implementing search functionality. It works with wildcard characters to represent unknown or variable character sequences.

The NOT LIKE operator is the opposite of LIKE and is used to exclude records that match a particular pattern. This operator is commonly used in real-time applications where unwanted or irrelevant data must be filtered out, such as excluding test records, invalid entries, or specific naming patterns.

From an interview perspective, questions on functions and pattern matching operators test a candidate’s understanding of data manipulation, query execution flow, and real-world usage. Mastery of these topics reflects strong foundational knowledge in SQL and practical problem-solving ability.",8 Hours,,"Understood SQL functions, their components, and classifications

Learned the practical purpose of single row and multi row functions

Gained clarity on pattern matching using LIKE operator

Understood data exclusion using NOT LIKE operator

Built confidence to explain function and pattern concepts in SQL interviews",SQL
20,24/02/2026,"The SQL topics LIMIT, OFFSET, and Character Manipulation Functions play a crucial role in writing efficient, readable, and user-friendly database queries. The LIMIT clause is used to restrict the number of rows returned by a query, which is especially useful when handling large datasets or implementing pagination. Along with LIMIT, the OFFSET clause helps skip a specified number of rows before beginning to return results, making it ideal for page-wise data retrieval in applications such as dashboards, reports, and web interfaces. Together, LIMIT and OFFSET improve performance and control over query output without modifying the underlying data.

Character manipulation functions are used to process and transform string data stored in tables. The UPPER() function converts text into uppercase, while LOWER() converts text into lowercase, ensuring uniformity in data comparison and presentation. The SUBSTRING() function extracts a specific portion of a string based on position and length, which is helpful for parsing codes, names, or formatted data. LENGTH() returns the number of bytes in a string, whereas CHAR_LENGTH() returns the actual number of characters, making CHAR_LENGTH more reliable for multibyte character sets. The CONCAT() function joins multiple strings into a single output, and CONCAT_WS() concatenates strings using a specified separator, commonly used for combining names, addresses, or formatted outputs. These functions collectively enhance data formatting, validation, and presentation at the SQL level, reducing dependency on application-side processing.",8 Hours,,"• Understand how LIMIT and OFFSET control query result sets and enable pagination
• Apply UPPER and LOWER functions for case-insensitive data handling
• Use SUBSTRING to extract specific parts of string data
• Differentiate between LENGTH and CHAR_LENGTH for accurate string measurement
• Combine multiple columns using CONCAT and CONCAT_WS for formatted output",SQL
21,25/02/2026,"The Communication chapter in the Soft Skills class focuses on developing effective verbal, non-verbal, and written communication skills essential for academic, professional, and personal success. The session begins with an introduction to the concept of communication, its meaning, and its importance in day-to-day interactions and workplace environments. Students are introduced to the communication process, including the sender, message, medium, receiver, and feedback, helping them understand how information flows between individuals. Special emphasis is given to the role of clarity and correctness in message delivery to avoid misunderstandings.

Verbal communication skills are discussed in detail, covering aspects such as tone, pronunciation, clarity of speech, and appropriate language usage. Non-verbal communication elements like body language, facial expressions, gestures, eye contact, and posture are explained with real-life examples to show how they reinforce or sometimes contradict spoken words. The chapter also highlights listening as a critical communication skill, emphasizing active listening, empathy, and the importance of responding appropriately.

Written communication is introduced with a focus on emails, messages, and basic professional documentation, stressing structure, simplicity, and correctness. Barriers to effective communication such as language differences, lack of confidence, emotional interference, and poor listening habits are identified and discussed along with methods to overcome them. Through interactive activities, role plays, and discussions, students gain confidence and practical exposure, enabling them to communicate more effectively in interviews, presentations, teamwork, and everyday professional situations.",8 Hours,,"• Students develop the ability to communicate clearly, confidently, and professionally using effective verbal, non-verbal, and listening skills",SQL
22,26/02/2026,"In this session, we explored Single Row Functions (SRF) in MySQL with a focus on character manipulation and number functions, which are heavily used in real-time database applications. We began with character functions like REPLACE(), which helps substitute specific characters or words in a string—commonly used in data cleansing and standardization. TRIM() was explained to remove unwanted spaces from data inputs, improving accuracy during comparisons and validations. INITCAP() / INIT() concept was discussed to format names into a readable form, highlighting how presentation-level transformations enhance data quality (implemented using MySQL logic since native support is not available).

Next, LOCATE() was covered to identify the position of a substring within a string, which is crucial in validations and pattern checks. LEFT() and RIGHT() functions were demonstrated to extract fixed portions of data, such as country codes, initials, or last digits of identifiers. REVERSE() was introduced as a logical and interview-oriented function, useful in palindrome checks and string manipulation problems.

The session then transitioned into Number SRFs, starting with MOD(), widely used for even-odd checks and cyclic conditions. SQRT() and POW() were explained with mathematical and analytical use cases, especially in calculations and performance metrics. Finally, ABS() was discussed to normalize negative values, which is essential in financial, statistical, and reporting scenarios. Overall, the session bridged theory with practical SQL queries, preparing learners for interviews and real-time database handling.",8 Hours,,"Gained hands-on knowledge of MySQL Single Row Functions by applying character functions for data cleaning and formatting, and number functions for mathematical and logical operations in real-time and interview-oriented scenarios.",SQL
23,27/02/2026,"In this session, Single Row Functions (SRF) related to numeric operations and date-time handling in MySQL were discussed with practical query demonstrations. Under Number SRF, functions such as ROUND(), TRUNCATE(), FLOOR(), CEIL()/CEILING(), SIGN(), and RAND() were explained in detail. ROUND() is used to round a number to a specified number of decimal places (e.g., SELECT ROUND(1234.567,2);), whereas TRUNCATE() removes decimal values without rounding (e.g., SELECT TRUNCATE(1234.567,2);). FLOOR() returns the greatest integer less than or equal to a number (SELECT FLOOR(12.9);), while CEIL() returns the smallest integer greater than or equal to a number (SELECT CEIL(12.1);). The SIGN() function identifies whether a number is positive, negative, or zero (SELECT SIGN(-25);), and RAND() generates random numbers between 0 and 1 (SELECT RAND();). In the Date and Time SRF section, functions such as CURDATE(), CURTIME(), and NOW() were used to retrieve the current system date and time. EXTRACT() was demonstrated to fetch specific parts of a date (e.g., year or month), and LAST_DAY() was used to find the last date of a given month. Date arithmetic was performed using DATE_ADD() and DATE_SUB() to add or subtract intervals from a date. Furthermore, DATEDIFF() was used to calculate the number of days between two dates, and TIMESTAMPDIFF() was applied to find differences in specific units like years or months. These functions are essential in real-time scenarios such as attendance systems, payroll processing, reporting, billing systems, and data analysis tasks where accurate numeric and date computations are required.",8 Hours,,"• Use numeric SRF for rounding, truncation, sign checking, and random values
• Apply date-time SRF for current date retrieval and calculations
• Distinguish between ROUND vs TRUNCATE and FLOOR vs CEIL
• Perform date addition, subtraction, and difference calculations",SQL
24,28/02/2026,"Single Row Functions (SRF) in MySQL are built-in functions that process each row individually and return one output per row. During the training sessions, I explained SRFs in a structured and practical way by clearly defining the types of functions and their real-time applications.

Single Row Functions are mainly classified into Character Functions, Numeric Functions, Date Functions, and Conversion Functions.

Under Character Functions, students learned UPPER(), LOWER(), SUBSTRING(), CHAR_LENGTH(), CONCAT(), CONCAT_WS(), REPLACE(), TRIM(), INSTR(), LOCATE(), LEFT(), RIGHT(), LPAD(), RPAD(), and REVERSE(). These functions help in formatting, searching, extracting, and transforming string data effectively.

In Numeric Functions, concepts such as ROUND(), TRUNCATE(), CEIL(), FLOOR(), MOD(), ABS(), POWER(), SQRT(), SIGN(), and RAND() were covered using real-time scenarios like salary calculation, marks analysis, and financial rounding operations.

Under Date Functions, students explored CURDATE(), CURTIME(), NOW(), EXTRACT(), LAST_DAY(), DATE_ADD(), DATE_SUB(), DATEDIFF(), and TIMESTAMPDIFF() with practical examples such as attendance tracking, age calculation, and project duration analysis.

Additionally, Conversion Functions were introduced to explain data type transformations for better query execution and reporting.

The sessions focused on interview-oriented queries, tricky edge cases, and logical thinking to enhance SQL problem-solving ability.",8 Hours,,"Students will be able to apply Single Row Functions effectively to manipulate data, perform calculations, handle NULL values, and solve real-time SQL interview problems with confidence.",SQL
25,02/03/2026,"In this session, I completed the core SQL function concepts including General Single Row Functions (SRF), Conversion SRF, and Multi Row Functions (MRF) in MySQL.

Under General SRF, I covered character functions like UPPER(), LOWER(), SUBSTRING(), LENGTH(), REPLACE(), TRIM(), INSTR(), and REVERSE(), which manipulate and analyze string data efficiently. I also explained number functions such as MOD(), SQRT(), POWER(), ABS(), ROUND(), TRUNCATE(), CEIL(), FLOOR(), SIGN(), and RAND() that are widely used in calculations and data transformations. Additionally, date functions like CURDATE(), CURTIME(), NOW(), DATEDIFF(), DATE_ADD(), and LAST_DAY() were demonstrated with real-time examples.

In Conversion SRF, I explained CAST(), CONVERT(), and implicit vs explicit conversion, highlighting how datatype transformations are handled in MySQL to ensure accurate comparisons and calculations.

Finally, I introduced Multi Row Functions (Aggregate Functions) such as COUNT(), SUM(), AVG(), MIN(), and MAX(), explaining how they operate on groups of rows and how they are used with GROUP BY and HAVING clauses for data analysis and reporting.

Overall, the session emphasized practical query writing, interview-oriented differences, and real-time examples to strengthen SQL fundamentals.",8 Hours,,"Students gained strong practical understanding of SRF, datatype conversion, and aggregate functions to write efficient, interview-ready SQL queries for real-time data analysis.",SQL
26,03/03/2026,"The GROUP BY clause in MySQL is used to arrange identical data into groups and is mainly combined with aggregate functions to perform calculations on grouped records. It plays a critical role in data analysis and reporting. During SQL training sessions, I explained GROUP BY with real-time scenarios such as calculating total salary department-wise, counting employees in each department, finding average marks subject-wise, and identifying maximum or minimum values within grouped categories.

Technically, GROUP BY is executed after the WHERE clause and before the HAVING clause in the SQL execution order. It groups rows that have the same values in specified columns into summary rows. Commonly used aggregate functions with GROUP BY include COUNT(), SUM(), AVG(), MIN(), and MAX().

I trained students on the difference between WHERE and HAVING, emphasizing that WHERE filters rows before grouping, whereas HAVING filters groups after aggregation. Students were also guided on common interview mistakes, such as selecting non-grouped columns without aggregate functions, which results in errors (especially in strict SQL mode).

Practical examples included:

Total salary department-wise

Number of students in each branch

Maximum salary in each department

Departments having more than 5 employees (using HAVING)

Additionally, performance considerations were discussed, such as indexing grouped columns for better optimization. I ensured students understood execution flow and logical query processing to avoid conceptual confusion.

Through real-time datasets and structured exercises, students gained clarity on how GROUP BY supports business intelligence, reporting systems, dashboards, and data summarization.",8 Hours,,"Students will be able to use the GROUP BY clause effectively with aggregate functions to summarize, analyze, and filter grouped data in real-time SQL scenarios.",SQL
27,05/03/2026,"During this session, students explored important SQL clauses used to organize, filter, and control the result set returned by queries. The session began with the ORDER BY clause, which is used to sort the records retrieved from a table. Students learned how to arrange data in ascending (ASC) or descending (DESC) order based on one or multiple columns. Practical examples were demonstrated to show how sorting improves data readability and analysis, especially when working with employee salary lists, student marks, or product prices.

The training then introduced the HAVING clause, which is mainly used with the GROUP BY clause to filter grouped data. Unlike the WHERE clause that filters rows before grouping, the HAVING clause filters aggregated results after grouping. Students practiced queries such as finding departments with total salaries greater than a specific value or identifying groups that satisfy certain aggregate conditions like COUNT(), SUM(), or AVG().

Next, the session covered the LIMIT clause, which restricts the number of rows returned in the result set. This clause is particularly useful when working with large datasets where only a few records are needed, such as displaying the top 5 highest salaries or the first 10 records of a table. Students also learned how LIMIT helps improve performance and supports efficient data retrieval.

Finally, the OFFSET clause was explained in combination with LIMIT. OFFSET is used to skip a specific number of rows before starting to return results. This concept is commonly applied in pagination, where data is displayed in multiple pages in applications or websites. Practical examples demonstrated how LIMIT and OFFSET together help retrieve records page by page.

Through hands-on SQL queries and real-time examples, students gained a clear understanding of how these clauses help in sorting data, filtering aggregated results, and controlling the number of records returned from a database.",8 Hours,,"Students are able to sort query results using ORDER BY, filter grouped data using HAVING, and control result sets using LIMIT and OFFSET for efficient data retrieval.",SQL
28,06/03/2026,"In SQL, writing multiple queries means executing more than one query sequentially to retrieve or analyze data from a database. Each query runs independently and produces its own result set. This approach is commonly used when the output of one query helps the developer understand or manually use the result for another query. Multiple queries are useful during data analysis, debugging, and understanding relationships between tables before implementing more advanced techniques such as subqueries.

However, in many real-time database scenarios, the result of one query needs to be directly used inside another query. To solve this problem, SQL provides the concept of a Subquery. A subquery is a query written inside another query. The inner query is called the Inner Query, and the outer query is called the Outer Query. The inner query executes first and its result is passed as input to the outer query.",8 Hours,,Students will be able to understand the concept of multiple queries and implement subqueries to retrieve data dynamically within a SQL query.,SQL
29,07/03/2026,"In SQL, clauses such as GROUP BY, ORDER BY, LIMIT, and OFFSET are essential for organizing, filtering, and controlling the output of query results. The GROUP BY clause is used to group rows that have the same values in specified columns. It is commonly used with aggregate functions such as COUNT(), SUM(), AVG(), MAX(), and MIN() to perform calculations on each group of data. For example, grouping employees by department allows us to calculate the total or average salary in each department. One important rule while using GROUP BY is that every column in the SELECT statement must either be part of the GROUP BY clause or used inside an aggregate function.

The ORDER BY clause is used to sort the result set based on one or more columns in either ascending (ASC) or descending (DESC) order. It helps in presenting data in a meaningful and readable format. ORDER BY is usually executed after GROUP BY and HAVING clauses. A tricky concept students often face is that sorting can be done using column names, column positions, or even expressions.

The LIMIT clause is used to restrict the number of rows returned by a query, which is very useful when working with large datasets. The OFFSET clause is used along with LIMIT to skip a specific number of rows before starting to return rows. These clauses are commonly used in pagination systems such as displaying results page by page in web applications. Tricky questions often involve combining GROUP BY with ORDER BY and LIMIT to retrieve top results, such as finding the top 3 departments with the highest average salary.",8 Hours,,"Students will learn how to group, sort, and limit SQL query results effectively while handling tricky query scenarios using GROUP BY, ORDER BY, LIMIT, and OFFSET.",SQL
30,09/03/2026,"Subqueries play an important role in SQL when the required data depends on the result of another query. In Case-2 of Subquery, the data to be selected and the condition to be applied are present in different tables. In such situations, the inner query is written to fetch the required value from another table, and the outer query uses that result to filter or retrieve the required records. The inner query executes first and produces an output, which is then passed as input to the outer query. This approach helps in solving complex data retrieval problems where direct conditions cannot be applied within a single table.

A Scalar Subquery is a type of subquery that returns exactly one value (one row and one column). Because it produces a single value, it can be used in places where a single value expression is expected, such as in the SELECT clause, WHERE clause, or even in expressions and comparisons. Scalar subqueries are commonly used to retrieve calculated or aggregated values like averages, maximum, or minimum values and then compare them with other column values in the outer query.

A Single Row Subquery is a subquery that returns only one row but may contain one or more columns. Since it returns a single row, it works with comparison operators such as =, >, <, >=, <=, or <>. These subqueries are typically used when the result of the inner query is guaranteed to produce only one row, often through aggregate functions or conditions that limit the result. Understanding the difference between scalar and single row subqueries helps in writing precise and efficient SQL queries when dealing with dependent data retrieval scenarios.",8 Hours,,Students will understand how Case-2 subqueries work across multiple tables and differentiate between scalar and single row subqueries for accurate SQL query design.,SQL
31,10/03/2026,"In this session, students were introduced to multi-row subqueries, nested subqueries, and inline subqueries in MySQL. The session began with multi-row subqueries, which are used when the inner query returns more than one value. To handle multiple results, operators such as IN, ANY, and ALL are used. The IN operator is applied when we want to match a value with any value returned by the inner query. The ANY operator compares a value with any value returned by the subquery and returns true if the condition satisfies at least one value. The ALL operator ensures that the condition is satisfied for all values returned by the inner query. Through practical examples, students learned how these operators help in filtering data effectively when dealing with multiple results from a subquery.

The session then progressed to nested subqueries, where one subquery is written inside another subquery. In such cases, the innermost query executes first, and its output becomes the input for the outer query step by step. Nested subqueries are particularly useful when solving complex data retrieval problems that require multiple levels of filtering.

Finally, the concept of inline subqueries (derived tables) was discussed. Inline subqueries are written inside the FROM clause and are treated as temporary tables for the outer query. This technique allows us to perform intermediate calculations or filtering before applying further conditions. Students practiced writing queries that retrieve records, apply sorting, and fetch specific rows using inline subqueries. Overall, the session focused on improving students’ ability to write structured and optimized SQL queries for handling complex data retrieval scenarios.",8 Hours,,"Students will be able to write and apply multi-row, nested, and inline subqueries using IN, ANY, and ALL operators to solve complex SQL data retrieval problems.",SQL
32,11/03/2026,"In SQL, Joins are used to combine data from two or more tables based on a related column between them. Since relational databases store data in multiple tables, joins help retrieve meaningful and connected information. There are several types of joins used in SQL such as Cross Join, Inner Join, and Outer Join. A Cross Join (also known as a Cartesian Join) returns all possible combinations of rows from the participating tables. It does not require any condition and produces a result set where each row from the first table is combined with every row from the second table. An Inner Join (also called an Equi Join) returns only the records that have matching values in both tables based on a common column. It is one of the most frequently used joins in SQL when we need only related data from multiple tables. Outer Join is used when we need both matching and non-matching records from tables. Outer joins are further classified into Left Outer Join, Right Outer Join, and Full Outer Join. A Left Join returns all records from the left table along with the matching records from the right table, and if no match is found, NULL values are returned for the right table columns. A Right Join works in the opposite way by returning all records from the right table and the matching records from the left table. A Full Outer Join returns all records from both tables, including matching and non-matching rows. In MySQL, since Full Outer Join is not directly supported, it can be implemented using a combination of Left Join and Right Join with the UNION operator. Joins are very important for relational database operations and help in generating meaningful reports by connecting related data across tables.",8 Hours,,Understand the concept of SQL joins and identify different types of joins used to retrieve related data from multiple tables.,SQL
33,12/03/2026,"In SQL, joins are used to combine data from multiple tables based on related columns. Among the important joins are Natural Join, Self Join, and Full Outer Join, which help retrieve meaningful information from relational databases. A Natural Join automatically joins two tables based on columns that have the same name and compatible data types in both tables. It eliminates duplicate columns in the result and simplifies query writing because the join condition does not need to be explicitly specified. However, it must be used carefully since it depends on column names being identical in both tables.

A Self Join is a join where a table is joined with itself. It is mainly used when the data in a single table has a relationship with other rows in the same table. For example, in an employee table where one column represents the employee and another represents the manager, a self join can be used to display employees along with their managers. In this case, aliases are used to treat the same table as two different tables within the query.

A Full Outer Join returns all records from both tables involved in the join. If there is a matching row in both tables, the result shows the combined data. If there is no match, the query still returns the rows from both tables, filling the missing side with NULL values. Since MySQL does not directly support FULL OUTER JOIN, it can be implemented by combining LEFT JOIN and RIGHT JOIN using the UNION operator. These joins are widely used in real-time database operations to analyze relationships and ensure that no relevant data is missed during retrieval.",8 Hours,,"Understand how Natural Join, Self Join, and Full Outer Join combine related data from tables and how they are applied to solve real-world relational database problems.",SQL
34,13/032026,"In database design, understanding attributes and keys is essential before learning normalization. Attributes represent the properties or columns of an entity in a table. Different types of attributes include single valued attributes, which store one value for each record such as StudentID; multivalued attributes, which can store multiple values like phone numbers; simple or atomic attributes that cannot be divided further; composite attributes that can be split into smaller parts such as Address into City and State; derived attributes whose values are calculated from other attributes like Age from Date of Birth; and stored attributes whose values are directly stored in the database. In addition, attributes are classified as key attributes and non-key attributes. Key attributes are used to uniquely identify records in a table. Various types of keys include super key, candidate key, primary key, alternate key, composite key, and foreign key. A super key uniquely identifies a record, while a candidate key is a minimal super key. One candidate key is selected as the primary key and the remaining become alternate keys. A composite key is formed using more than one attribute, and a foreign key establishes relationships between tables.

Normalization is the process of organizing data in a database to reduce redundancy and improve data integrity. When tables are not properly structured, anomalies may occur such as insertion anomaly, deletion anomaly, and update anomaly. These anomalies lead to inconsistent or duplicate data. To avoid these problems, normalization uses concepts such as functional dependency, determinant, partial dependency, full dependency, and transitive dependency. A functional dependency occurs when one attribute determines another attribute, where the determining attribute is called the determinant. Partial dependency occurs when a non-key attribute depends on part of a composite key, while full dependency occurs when it depends on the entire key. Transitive dependency occurs when a non-key attribute depends on another non-key attribute. These concepts help in transforming tables into well-structured forms such as First Normal Form, Second Normal Form, and Third Normal Form.",8 Hours,,"Understand different types of attributes, keys, normalization concepts, anomalies, and dependencies used to design efficient and well-structured relational databases.",SQL
35,14/03/2025,"MySQL provides several important concepts that help in organizing data efficiently and improving query performance. One of the fundamental concepts in database design is Normalization, which is the process of structuring tables to reduce data redundancy and maintain data integrity. Normalization divides large tables into smaller related tables and establishes relationships among them. The common types of normalization include First Normal Form (1NF), which removes repeating groups and ensures that each column contains atomic values; Second Normal Form (2NF), which removes partial dependency by ensuring that non-key attributes depend on the entire primary key; and Third Normal Form (3NF), which removes transitive dependency so that non-key attributes depend only on the primary key. By applying normalization, databases become easier to maintain and anomalies such as insertion, update, and deletion problems can be avoided.

Another important feature in MySQL is Indexes, which are special lookup tables used to improve the speed of data retrieval operations. An index works similar to the index of a book, allowing the database to quickly locate specific records without scanning the entire table. Indexes can be created on one or more columns and are especially useful for frequently searched fields.

Views are virtual tables created from the result of a query. They do not store data physically but display data from one or more underlying tables. Views help simplify complex queries, enhance security by restricting access to certain columns, and provide a logical abstraction of data.

A Correlated Subquery is a type of subquery where the inner query depends on values from the outer query. Unlike a normal subquery that runs once, a correlated subquery executes repeatedly for each row processed by the outer query. This type of query is useful for comparing rows within the same table or across related tables to solve complex data retrieval problems.",8 Hours,,"Understand normalization types, indexes, views, and correlated subqueries in MySQL to design efficient databases and perform optimized data retrieval operations.",SQL